0	Conv	p2o.pd_op.relu.0.0
1	Conv	p2o.pd_op.relu.1.0
2	Conv	p2o.pd_op.relu.2.0
3	MaxPool	p2o.pd_op.pool2d.0.0
4	Concat	Concat.1
5	Conv	p2o.pd_op.relu.3.0
6	Conv	p2o.pd_op.relu.4.0
7	Conv	p2o.pd_op.depthwise_conv2d.0.0
8	ReduceMean	ReduceMean.1
9	Conv	p2o.pd_op.relu.5.0
10	Conv	p2o.pd_op.conv2d.6.0
11	HardSigmoid	p2o.pd_op.hardsigmoid.0.0
12	Mul	Mul.1
13	Conv	p2o.pd_op.gelu.0.0
14	Conv	Add.23
15	Conv	p2o.pd_op.depthwise_conv2d.1.0
16	Conv	p2o.pd_op.gelu.1.0
17	Conv	Add.33
18	Conv	p2o.pd_op.depthwise_conv2d.2.0
19	Conv	p2o.pd_op.gelu.2.0
20	Conv	p2o.pd_op.conv2d.12.0
21	Conv	p2o.pd_op.depthwise_conv2d.3.0
22	ReduceMean	ReduceMean.3
23	Conv	p2o.pd_op.relu.6.0
24	Conv	p2o.pd_op.conv2d.14.0
25	HardSigmoid	p2o.pd_op.hardsigmoid.1.0
26	Mul	Mul.12
27	Conv	p2o.pd_op.gelu.3.0
28	Conv	Add.55
29	Conv	p2o.pd_op.depthwise_conv2d.4.0
30	Conv	p2o.pd_op.gelu.4.0
31	Conv	Add.65
32	Conv	p2o.pd_op.depthwise_conv2d.5.0
33	Conv	p2o.pd_op.gelu.5.0
34	Conv	p2o.pd_op.conv2d.20.0
35	Conv	p2o.pd_op.depthwise_conv2d.6.0
36	ReduceMean	ReduceMean.5
37	Conv	p2o.pd_op.relu.7.0
38	Conv	p2o.pd_op.conv2d.22.0
39	HardSigmoid	p2o.pd_op.hardsigmoid.2.0
40	Mul	Mul.23
41	Conv	p2o.pd_op.gelu.6.0
42	Conv	Add.87
43	Conv	p2o.pd_op.depthwise_conv2d.7.0
44	Conv	p2o.pd_op.gelu.7.0
45	Conv	Add.97
46	Conv	p2o.pd_op.depthwise_conv2d.8.0
47	ReduceMean	ReduceMean.7
48	Conv	p2o.pd_op.relu.8.0
49	Conv	p2o.pd_op.conv2d.28.0
50	HardSigmoid	p2o.pd_op.hardsigmoid.3.0
51	Mul	Mul.31
52	Conv	p2o.pd_op.gelu.8.0
53	Conv	Add.111
54	Conv	p2o.pd_op.depthwise_conv2d.9.0
55	Conv	p2o.pd_op.gelu.9.0
56	Conv	Add.121
57	Conv	p2o.pd_op.depthwise_conv2d.10.0
58	Conv	p2o.pd_op.gelu.10.0
59	Conv	p2o.pd_op.conv2d.34.0
60	Conv	p2o.pd_op.depthwise_conv2d.11.0
61	ReduceMean	ReduceMean.9
62	Conv	p2o.pd_op.relu.9.0
63	Conv	p2o.pd_op.conv2d.36.0
64	HardSigmoid	p2o.pd_op.hardsigmoid.4.0
65	Mul	Mul.42
66	Conv	p2o.pd_op.gelu.11.0
67	Conv	Add.143
68	Conv	p2o.pd_op.depthwise_conv2d.12.0
69	Conv	p2o.pd_op.gelu.12.0
70	Conv	Add.153
71	Conv	p2o.pd_op.conv2d.41.0
72	GlobalAveragePool	p2o.pd_op.pool2d.1.0
73	Conv	p2o.pd_op.relu.10.0
74	Conv	p2o.pd_op.conv2d.43.0
75	HardSigmoid	p2o.pd_op.hardsigmoid.5.0
76	MulAddScale	Add.159
77	Conv	p2o.pd_op.conv2d.44.0
78	GlobalAveragePool	p2o.pd_op.pool2d.2.0
79	Conv	p2o.pd_op.relu.11.0
80	Conv	p2o.pd_op.conv2d.46.0
81	HardSigmoid	p2o.pd_op.hardsigmoid.6.0
82	MulAddScale	Add.165
83	Conv	p2o.pd_op.conv2d.47.0
84	GlobalAveragePool	p2o.pd_op.pool2d.3.0
85	Conv	p2o.pd_op.relu.12.0
86	Conv	p2o.pd_op.conv2d.49.0
87	HardSigmoid	p2o.pd_op.hardsigmoid.7.0
88	MulAddScale	Add.171
89	Conv	p2o.pd_op.conv2d.50.0
90	GlobalAveragePool	p2o.pd_op.pool2d.4.0
91	Conv	p2o.pd_op.relu.13.0
92	Conv	p2o.pd_op.conv2d.52.0
93	HardSigmoid	p2o.pd_op.hardsigmoid.8.0
94	MulAddScale	Add.177
95	Resize	p2o.pd_op.nearest_interp.0.0
96	Add	Add.179
97	Resize	p2o.pd_op.nearest_interp.1.0
98	Add	Add.181
99	Resize	p2o.pd_op.nearest_interp.2.0
100	Add	Add.183
101	Conv	p2o.pd_op.depthwise_conv2d.13.0
102	Conv	p2o.pd_op.conv2d.53.0
103	GlobalAveragePool	p2o.pd_op.pool2d.5.0
104	Conv	p2o.pd_op.relu.14.0
105	Conv	p2o.pd_op.conv2d.55.0
106	HardSigmoid	p2o.pd_op.hardsigmoid.9.0
107	MulAddScale	Add.191
108	Conv	p2o.pd_op.depthwise_conv2d.14.0
109	Conv	p2o.pd_op.conv2d.56.0
110	GlobalAveragePool	p2o.pd_op.pool2d.6.0
111	Conv	p2o.pd_op.relu.15.0
112	Conv	p2o.pd_op.conv2d.58.0
113	HardSigmoid	p2o.pd_op.hardsigmoid.10.0
114	MulAddScale	Add.199
115	Conv	p2o.pd_op.depthwise_conv2d.15.0
116	Conv	p2o.pd_op.conv2d.59.0
117	GlobalAveragePool	p2o.pd_op.pool2d.7.0
118	Conv	p2o.pd_op.relu.16.0
119	Conv	p2o.pd_op.conv2d.61.0
120	HardSigmoid	p2o.pd_op.hardsigmoid.11.0
121	MulAddScale	Add.207
122	Conv	p2o.pd_op.depthwise_conv2d.16.0
123	Conv	p2o.pd_op.conv2d.62.0
124	GlobalAveragePool	p2o.pd_op.pool2d.8.0
125	Conv	p2o.pd_op.relu.17.0
126	Conv	p2o.pd_op.conv2d.64.0
127	HardSigmoid	p2o.pd_op.hardsigmoid.12.0
128	MulAddScale	Add.215
129	Resize	p2o.pd_op.nearest_interp.3.0
130	Resize	p2o.pd_op.nearest_interp.4.0
131	Resize	p2o.pd_op.nearest_interp.5.0
132	Concat	Concat.3
133	Conv	p2o.pd_op.relu.18.0
134	ConvTranspose	ConvTranspose.1
135	Add	Add.219
136	Relu	p2o.pd_op.relu.19.0
137	ConvTranspose	ConvTranspose.3
138	Add	Add.221
139	Sigmoid	fetch_name_0
0	Conv	p2o.pd_op.batch_norm_.0.0
0	Conv	p2o.pd_op.batch_norm_.0.0
0	Conv	p2o.pd_op.batch_norm_.0.0
0	Conv	p2o.pd_op.batch_norm_.0.00
	Conv	p2o.pd_op.batch_norm_.0.00
	Conv	p2o.pd_op.batch_norm_.0.0
0	0Conv	0	Conv	0Convp2o.pd_op.batch_norm_.0.0			
Convp2o.pd_op.batch_norm_.0.00p2o.pd_op.batch_norm_.0.0
	
	Convp2o.pd_op.batch_norm_.0.0
	p2o.pd_op.batch_norm_.0.0
1	1HardSigmoid		HardSigmoid	HardSigmoid.1HardSigmoid.1

1	HardSigmoid	HardSigmoid.1
1	HardSigmoid	HardSigmoid.1
1	HardSigmoid	HardSigmoid.1
1	HardSigmoid	HardSigmoid.1
11		HardSigmoid	HardSigmoid.1
1HardSigmoid		HardSigmoid.1HardSigmoid	
1HardSigmoid.1	
HardSigmoid	HardSigmoid.11
	HardSigmoid	HardSigmoid.1
2	Mul	p2o.pd_op.hardswish.0.0
2	Mul	p2o.pd_op.hardswish.0.0
2	Mul	p2o.pd_op.hardswish.0.0
2	Mul	p2o.pd_op.hardswish.0.0
2	Mul	p2o.pd_op.hardswish.0.0
2	Mul	p2o.pd_op.hardswish.0.0
2	2	MulMul		p2o.pd_op.hardswish.0.0p2o.pd_op.hardswish.0.0

2	Mul	p2o.pd_op.hardswish.0.0
2	2Mul		Mulp2o.pd_op.hardswish.0.0	p2o.pd_op.hardswish.0.0

3	Conv	p2o.pd_op.batch_norm_.1.0
3	Conv	p2o.pd_op.batch_norm_.1.0
3	Conv	p2o.pd_op.batch_norm_.1.0
3	Conv	p2o.pd_op.batch_norm_.1.0
3	Conv	p2o.pd_op.batch_norm_.1.0
3	Conv	p2o.pd_op.batch_norm_.1.0
3	Conv	p2o.pd_op.batch_norm_.1.0
3	Conv	p2o.pd_op.batch_norm_.1.0
3	Conv	p2o.pd_op.batch_norm_.1.0
3	Conv	p2o.pd_op.batch_norm_.1.0
3	Conv	p2o.pd_op.batch_norm_.1.0
4	4HardSigmoid	HardSigmoid.3
	HardSigmoid	HardSigmoid.3
4	HardSigmoid	HardSigmoid.3
4	HardSigmoid	HardSigmoid.3
4	HardSigmoid	HardSigmoid.3
4	HardSigmoid	HardSigmoid.3
4	HardSigmoid	HardSigmoid.3
4	HardSigmoid	HardSigmoid.3
4	HardSigmoid	HardSigmoid.3
4	HardSigmoid	HardSigmoid.3
4	HardSigmoid	HardSigmoid.3
5	Mul	p2o.pd_op.hardswish.1.0
5	Mul	p2o.pd_op.hardswish.1.0
5	Mul	p2o.pd_op.hardswish.1.0
5	Mul	p2o.pd_op.hardswish.1.0
5	Mul	p2o.pd_op.hardswish.1.0
5	Mul	p2o.pd_op.hardswish.1.0
5	Mul5		p2o.pd_op.hardswish.1.0
Mul5	p2o.pd_op.hardswish.1.0	
Mul	5p2o.pd_op.hardswish.1.0	
Mul	p2o.pd_op.hardswish.1.0
5	Mul	p2o.pd_op.hardswish.1.0
6	Conv	p2o.pd_op.batch_norm_.2.0
66		ConvConv		p2o.pd_op.batch_norm_.2.0p2o.pd_op.batch_norm_.2.0

6	Conv	p2o.pd_op.batch_norm_.2.0
6	Conv	p2o.pd_op.batch_norm_.2.0
6	Conv	p2o.pd_op.batch_norm_.2.0
6	Conv	p2o.pd_op.batch_norm_.2.0
6	Conv	p2o.pd_op.batch_norm_.2.0
6	Conv	p2o.pd_op.batch_norm_.2.0
6	Conv	p2o.pd_op.batch_norm_.2.0
6	Conv	p2o.pd_op.batch_norm_.2.0
7	HardSigmoid	HardSigmoid.5
77		HardSigmoid	HardSigmoidHardSigmoid.5	
HardSigmoid.5
7	HardSigmoid	HardSigmoid.5
77		HardSigmoidHardSigmoid		HardSigmoid.5HardSigmoid.5

7	HardSigmoid	HardSigmoid.5
77		HardSigmoidHardSigmoid		HardSigmoid.5
HardSigmoid.5
7	HardSigmoid7		HardSigmoidHardSigmoid.5
	HardSigmoid.5
8	Mul	p2o.pd_op.hardswish.2.0
8	Mul	p2o.pd_op.hardswish.2.0
8	Mul	p2o.pd_op.hardswish.2.0
8	Mul	p2o.pd_op.hardswish.2.0
88		MulMul		p2o.pd_op.hardswish.2.0p2o.pd_op.hardswish.2.0

8	8Mul		Mulp2o.pd_op.hardswish.2.0	
p2o.pd_op.hardswish.2.0
8	Mul	p2o.pd_op.hardswish.2.0
8	Mul	p2o.pd_op.hardswish.2.0
8	Mul	p2o.pd_op.hardswish.2.0
9	Conv	p2o.pd_op.batch_norm_.3.0
9	Conv	p2o.pd_op.batch_norm_.3.0
9	Conv	p2o.pd_op.batch_norm_.3.0
9	Conv	p2o.pd_op.batch_norm_.3.0
9	Conv	p2o.pd_op.batch_norm_.3.0
9	Conv	p2o.pd_op.batch_norm_.3.0
9	Conv	p2o.pd_op.batch_norm_.3.0
9	Conv	p2o.pd_op.batch_norm_.3.0
9	Conv	p2o.pd_op.batch_norm_.3.0
9	Conv	p2o.pd_op.batch_norm_.3.0
9	Conv	p2o.pd_op.batch_norm_.3.0
10	10HardSigmoid	HardSigmoid.7	
HardSigmoid	HardSigmoid.7
10	HardSigmoid	HardSigmoid.7
10	HardSigmoid	HardSigmoid.7
1010	HardSigmoid		HardSigmoid.7HardSigmoid
	HardSigmoid.7
10	HardSigmoid	HardSigmoid.7
1010	1010	HardSigmoid		11HardSigmoidHardSigmoid	HardSigmoid	11			Mul	HardSigmoid.711HardSigmoid.7HardSigmoid.7HardSigmoid.7	
Mul11
		p2o.pd_op.hardswish.3.0

p2o.pd_op.hardswish.3.0	
MulMul
	p2o.pd_op.hardswish.3.0	
p2o.pd_op.hardswish.3.0
11	Mul	p2o.pd_op.hardswish.3.0
1111		MulMul		p2o.pd_op.hardswish.3.0
p2o.pd_op.hardswish.3.0
11	Mul	p2o.pd_op.hardswish.3.0
11	Mul	p2o.pd_op.hardswish.3.0
11	Mul11		12Mul		Convp2o.pd_op.hardswish.3.0p2o.pd_op.hardswish.3.0	

p2o.pd_op.batch_norm_.4.0
12	Conv	p2o.pd_op.batch_norm_.4.012
12		12ConvConv			12p2o.pd_op.batch_norm_.4.0Convp2o.pd_op.batch_norm_.4.0		

Conv12		p2o.pd_op.batch_norm_.4.0Conv
p2o.pd_op.batch_norm_.4.0	
p2o.pd_op.batch_norm_.4.0
12	Conv	p2o.pd_op.batch_norm_.4.0
12	Conv	p2o.pd_op.batch_norm_.4.0
12	12Conv		Convp2o.pd_op.batch_norm_.4.0	
p2o.pd_op.batch_norm_.4.0
13	HardSigmoid	HardSigmoid.9
13	13	HardSigmoidHardSigmoid	HardSigmoid.9	
HardSigmoid.9
13	HardSigmoid	HardSigmoid.9
13	HardSigmoid	HardSigmoid.9
1313		HardSigmoidHardSigmoid		HardSigmoid.9HardSigmoid.9

13	HardSigmoid	HardSigmoid.9
13	HardSigmoid	HardSigmoid.9
13	HardSigmoid	HardSigmoid.9
13	HardSigmoid	HardSigmoid.9
14	Mul	p2o.pd_op.hardswish.4.0
14	Mul	p2o.pd_op.hardswish.4.0
14	Mul	p2o.pd_op.hardswish.4.0
14	Mul	p2o.pd_op.hardswish.4.0
14	Mul	p2o.pd_op.hardswish.4.0
14	Mul	p2o.pd_op.hardswish.4.0
14	Mul	p2o.pd_op.hardswish.4.0
14	Mul	p2o.pd_op.hardswish.4.0
14	Mul	p2o.pd_op.hardswish.4.0
14	Mul	p2o.pd_op.hardswish.4.0
14	Mul	p2o.pd_op.hardswish.4.0
15	Conv	p2o.pd_op.batch_norm_.5.0
15	Conv	p2o.pd_op.batch_norm_.5.0
15	Conv	p2o.pd_op.batch_norm_.5.0
15	Conv	p2o.pd_op.batch_norm_.5.0
15	Conv	p2o.pd_op.batch_norm_.5.0
15	Conv	p2o.pd_op.batch_norm_.5.0
15	Conv	p2o.pd_op.batch_norm_.5.0
15	Conv	p2o.pd_op.batch_norm_.5.0
15	Conv	p2o.pd_op.batch_norm_.5.0
15	Conv	p2o.pd_op.batch_norm_.5.0
1516	16	Conv1616	16HardSigmoid			HardSigmoidHardSigmoid	HardSigmoid	p2o.pd_op.batch_norm_.5.016				HardSigmoid.11HardSigmoid
	HardSigmoid.11HardSigmoidHardSigmoid.11
HardSigmoid.111616HardSigmoid.11
	
		

HardSigmoid.11HardSigmoidHardSigmoid	
	HardSigmoid.11HardSigmoid.11

16	HardSigmoid	HardSigmoid.11
16	HardSigmoid	HardSigmoid.11
16	HardSigmoid	HardSigmoid.11
17	Mul	p2o.pd_op.hardswish.5.0
17	Mul	p2o.pd_op.hardswish.5.0
17	17Mul		17Mul	p2o.pd_op.hardswish.5.0	Mulp2o.pd_op.hardswish.5.0
17
		p2o.pd_op.hardswish.5.0
Mul	p2o.pd_op.hardswish.5.017
	Mul17		p2o.pd_op.hardswish.5.0Mul
	17p2o.pd_op.hardswish.5.0	
Mul	17p2o.pd_op.hardswish.5.0
	Mul	p2o.pd_op.hardswish.5.0
17	Mul	p2o.pd_op.hardswish.5.0
18	Conv	p2o.pd_op.batch_norm_.6.0
18	Conv	p2o.pd_op.batch_norm_.6.0
18	Conv	p2o.pd_op.batch_norm_.6.0
18	Conv	p2o.pd_op.batch_norm_.6.0
18	Conv	p2o.pd_op.batch_norm_.6.0
18	Conv	p2o.pd_op.batch_norm_.6.0
18	Conv	p2o.pd_op.batch_norm_.6.0
1818	18	Conv	Conv	Conv	p2o.pd_op.batch_norm_.6.0	p2o.pd_op.batch_norm_.6.0
p2o.pd_op.batch_norm_.6.0

18	Conv	p2o.pd_op.batch_norm_.6.0
19	HardSigmoid	HardSigmoid.13
19	HardSigmoid	HardSigmoid.13
19	HardSigmoid	HardSigmoid.13
1919		HardSigmoidHardSigmoid		HardSigmoid.13HardSigmoid.13

19	HardSigmoid	HardSigmoid.13
19	HardSigmoid	HardSigmoid.13
19	19HardSigmoid		HardSigmoidHardSigmoid.13	
HardSigmoid.1319	
HardSigmoid	HardSigmoid.13
19	HardSigmoid	HardSigmoid.13
20	Mul	p2o.pd_op.hardswish.6.0
20	Mul	p2o.pd_op.hardswish.6.0
20	Mul	p2o.pd_op.hardswish.6.0
20	Mul	p2o.pd_op.hardswish.6.0
20	Mul	p2o.pd_op.hardswish.6.0
20	Mul	p2o.pd_op.hardswish.6.0
20	Mul	p2o.pd_op.hardswish.6.0
20	Mul	p2o.pd_op.hardswish.6.0
20	Mul	p2o.pd_op.hardswish.6.0
20	Mul	p2o.pd_op.hardswish.6.0
20	Mul	p2o.pd_op.hardswish.6.0
21	Conv	p2o.pd_op.batch_norm_.7.0
21	2121	Conv		p2o.pd_op.batch_norm_.7.0
Conv	Conv	21p2o.pd_op.batch_norm_.7.0p2o.pd_op.batch_norm_.7.0	

Conv	p2o.pd_op.batch_norm_.7.0
21	Conv	p2o.pd_op.batch_norm_.7.0
21	Conv	p2o.pd_op.batch_norm_.7.0
21	Conv	p2o.pd_op.batch_norm_.7.0
21	Conv	p2o.pd_op.batch_norm_.7.0
21	Conv	p2o.pd_op.batch_norm_.7.0
21	Conv	p2o.pd_op.batch_norm_.7.0
222222		HardSigmoid	HardSigmoid.15
	HardSigmoid	HardSigmoid22HardSigmoid.15		
HardSigmoid.15HardSigmoid22
		HardSigmoid.15HardSigmoid	
HardSigmoid.15
22	HardSigmoid	HardSigmoid.15
22	HardSigmoid	HardSigmoid.15
22	HardSigmoid	HardSigmoid.15
22	22	HardSigmoid	HardSigmoidHardSigmoid.15
	HardSigmoid.15
22	HardSigmoid	HardSigmoid.15
23	Mul	p2o.pd_op.hardswish.7.0
2323	Mul		Mulp2o.pd_op.hardswish.7.0	
p2o.pd_op.hardswish.7.0
23	Mul	p2o.pd_op.hardswish.7.0
23	Mul	p2o.pd_op.hardswish.7.0
23	Mul	p2o.pd_op.hardswish.7.0
23	Mul	p2o.pd_op.hardswish.7.0
23	Mul	p2o.pd_op.hardswish.7.0
23	Mul	p2o.pd_op.hardswish.7.0
23	Mul	p2o.pd_op.hardswish.7.0
23	Mul	p2o.pd_op.hardswish.7.0
2424	Conv		p2o.pd_op.batch_norm_.8.0Conv
	p2o.pd_op.batch_norm_.8.024
	Conv	p2o.pd_op.batch_norm_.8.024
	Conv	p2o.pd_op.batch_norm_.8.0
24	Conv	p2o.pd_op.batch_norm_.8.0
24	Conv	p2o.pd_op.batch_norm_.8.0
24	24Conv	24Conv			Convp2o.pd_op.batch_norm_.8.0p2o.pd_op.batch_norm_.8.0	

p2o.pd_op.batch_norm_.8.0
24	Conv	p2o.pd_op.batch_norm_.8.0
24	Conv	p2o.pd_op.batch_norm_.8.0
25	HardSigmoid25		HardSigmoid25HardSigmoid.17		HardSigmoid.17
HardSigmoid
25	25		HardSigmoidHardSigmoid.17
HardSigmoid		HardSigmoid.17HardSigmoid.17

25	HardSigmoid	HardSigmoid.17
25	25HardSigmoid		HardSigmoidHardSigmoid.17	
HardSigmoid.17
25	HardSigmoid25		HardSigmoid.17HardSigmoid
	HardSigmoid.17
25	HardSigmoid	HardSigmoid.17
2626		Mul26Mul26				Mulp2o.pd_op.hardswish.8.0Mul	p2o.pd_op.hardswish.8.0
	p2o.pd_op.hardswish.8.02626		
Mul
Mulp2o.pd_op.hardswish.8.0		
p2o.pd_op.hardswish.8.0p2o.pd_op.hardswish.8.0

26	Mul	p2o.pd_op.hardswish.8.0
26	Mul	p2o.pd_op.hardswish.8.0
26	Mul	p2o.pd_op.hardswish.8.0
2626		MulMul		p2o.pd_op.hardswish.8.0p2o.pd_op.hardswish.8.0

27	Conv	p2o.pd_op.batch_norm_.9.0
27	Conv	p2o.pd_op.batch_norm_.9.0
27	27Conv		Conv27p2o.pd_op.batch_norm_.9.0	
	p2o.pd_op.batch_norm_.9.027
	ConvConv		p2o.pd_op.batch_norm_.9.0
p2o.pd_op.batch_norm_.9.0
27	Conv	p2o.pd_op.batch_norm_.9.0
27	Conv	p2o.pd_op.batch_norm_.9.0
27	Conv	p2o.pd_op.batch_norm_.9.0
27	Conv	p2o.pd_op.batch_norm_.9.0
27	Conv	p2o.pd_op.batch_norm_.9.0
28	HardSigmoid	HardSigmoid.19
2828	HardSigmoid		HardSigmoid	HardSigmoid.19HardSigmoid.19
28
28		HardSigmoid	HardSigmoidHardSigmoid.19	
HardSigmoid.19
28	HardSigmoid	HardSigmoid.19
2828		HardSigmoidHardSigmoid	HardSigmoid.19	
HardSigmoid.19
28	HardSigmoid	HardSigmoid.19
28	HardSigmoid	HardSigmoid.19
28	HardSigmoid	HardSigmoid.19
29	Mul	p2o.pd_op.hardswish.9.0
29	Mul	p2o.pd_op.hardswish.9.0
29	Mul	p2o.pd_op.hardswish.9.0
292929			MulMulMul		p2o.pd_op.hardswish.9.0p2o.pd_op.hardswish.9.0

	p2o.pd_op.hardswish.9.0
292929		Mul	29Mul29	Mul			30MulMul	p2o.pd_op.hardswish.9.0p2o.pd_op.hardswish.9.0			Conv
p2o.pd_op.hardswish.9.0p2o.pd_op.hardswish.9.0
p2o.pd_op.hardswish.9.0	30p2o.pd_op.batch_norm_.10.0

30	
Conv	
	Conv	p2o.pd_op.batch_norm_.10.0
p2o.pd_op.batch_norm_.10.0
30	Conv	p2o.pd_op.batch_norm_.10.0
30	30Conv		p2o.pd_op.batch_norm_.10.0Conv
	p2o.pd_op.batch_norm_.10.0
30	Conv	p2o.pd_op.batch_norm_.10.0
30	Conv	30p2o.pd_op.batch_norm_.10.0	
Conv	30p2o.pd_op.batch_norm_.10.0
	Conv	p2o.pd_op.batch_norm_.10.0
3130	HardSigmoid		ConvHardSigmoid.21	p2o.pd_op.batch_norm_.10.031

31		HardSigmoidHardSigmoid		HardSigmoid.21HardSigmoid.21

31	HardSigmoid	HardSigmoid.21
31	HardSigmoid	HardSigmoid.21
31	HardSigmoid	HardSigmoid.21
31	HardSigmoid	HardSigmoid.21
31	HardSigmoid	HardSigmoid.21
31	HardSigmoid	HardSigmoid.21
31	HardSigmoid	HardSigmoid.21
31	HardSigmoid	HardSigmoid.21
32	Mul	p2o.pd_op.hardswish.10.0
32	Mul	p2o.pd_op.hardswish.10.0
32	Mul	p2o.pd_op.hardswish.10.0
32	Mul	p2o.pd_op.hardswish.10.0
32	Mul	p2o.pd_op.hardswish.10.0
32	Mul	p2o.pd_op.hardswish.10.0
32	Mul	p2o.pd_op.hardswish.10.0
32	Mul	p2o.pd_op.hardswish.10.0
32	Mul	p2o.pd_op.hardswish.10.0
32	Mul	p2o.pd_op.hardswish.10.0
32	Mul	p2o.pd_op.hardswish.10.0
33	Conv	p2o.pd_op.batch_norm_.11.0
3333	33		ConvConvConv			p2o.pd_op.batch_norm_.11.0p2o.pd_op.batch_norm_.11.0p2o.pd_op.batch_norm_.11.0


33	33	ConvConv		33p2o.pd_op.batch_norm_.11.0p2o.pd_op.batch_norm_.11.0	

Conv	p2o.pd_op.batch_norm_.11.0
33	Conv	p2o.pd_op.batch_norm_.11.0
33	Conv	p2o.pd_op.batch_norm_.11.033
	Conv	p2o.pd_op.batch_norm_.11.0
33	Conv	p2o.pd_op.batch_norm_.11.0
34	HardSigmoid	HardSigmoid.23
34	HardSigmoid	HardSigmoid.23
34	34HardSigmoid	HardSigmoid		HardSigmoid.23HardSigmoid.23

34	HardSigmoid	HardSigmoid.23
34	HardSigmoid	HardSigmoid.23
34	HardSigmoid	HardSigmoid.23
34	HardSigmoid	HardSigmoid.23
34	HardSigmoid	HardSigmoid.23
34	HardSigmoid	HardSigmoid.23
34	HardSigmoid	HardSigmoid.23
35	Mul	p2o.pd_op.hardswish.11.0
35	Mul	p2o.pd_op.hardswish.11.0
35	Mul	p2o.pd_op.hardswish.11.0
35	Mul	p2o.pd_op.hardswish.11.0
35	Mul	p2o.pd_op.hardswish.11.0
35	Mul	p2o.pd_op.hardswish.11.0
35	Mul	p2o.pd_op.hardswish.11.0
35	Mul	p2o.pd_op.hardswish.11.0
35	Mul	p2o.pd_op.hardswish.11.0
35	Mul	p2o.pd_op.hardswish.11.0
35	Mul	p2o.pd_op.hardswish.11.0
36	Conv	p2o.pd_op.batch_norm_.12.0
36	Conv	p2o.pd_op.batch_norm_.12.0
36	Conv	p2o.pd_op.batch_norm_.12.0
36	Conv	p2o.pd_op.batch_norm_.12.0
36	Conv	p2o.pd_op.batch_norm_.12.0
36	Conv	p2o.pd_op.batch_norm_.12.0
36	Conv	p2o.pd_op.batch_norm_.12.0
36	Conv	p2o.pd_op.batch_norm_.12.0
36	Conv	p2o.pd_op.batch_norm_.12.0
36	Conv	p2o.pd_op.batch_norm_.12.0
36	Conv	p2o.pd_op.batch_norm_.12.0
37	HardSigmoid	HardSigmoid.25
37	HardSigmoid	HardSigmoid.25
37	HardSigmoid	HardSigmoid.25
37	HardSigmoid	HardSigmoid.25
37	HardSigmoid	HardSigmoid.2537
	HardSigmoid	HardSigmoid.25
37	HardSigmoid	HardSigmoid.25
37	HardSigmoid	HardSigmoid.25
37	HardSigmoid	HardSigmoid.25
37	HardSigmoid	HardSigmoid.25
37	HardSigmoid	HardSigmoid.25
38	Mul	p2o.pd_op.hardswish.12.0
38	Mul	p2o.pd_op.hardswish.12.0
38	Mul	p2o.pd_op.hardswish.12.0
38	Mul	p2o.pd_op.hardswish.12.0
38	Mul	38p2o.pd_op.hardswish.12.0
	Mul	p2o.pd_op.hardswish.12.0
38	Mul	p2o.pd_op.hardswish.12.0
38	Mul	p2o.pd_op.hardswish.12.0
38	Mul	p2o.pd_op.hardswish.12.0
38	Mul	p2o.pd_op.hardswish.12.0
38	Mul	p2o.pd_op.hardswish.12.0
39	Conv	p2o.pd_op.batch_norm_.13.0
39	Conv	p2o.pd_op.batch_norm_.13.0
39	Conv	p2o.pd_op.batch_norm_.13.0
39	Conv	39p2o.pd_op.batch_norm_.13.0	
Conv	39p2o.pd_op.batch_norm_.13.0	
Conv	p2o.pd_op.batch_norm_.13.0
39	Conv	p2o.pd_op.batch_norm_.13.0
39	Conv	p2o.pd_op.batch_norm_.13.0
39	Conv	p2o.pd_op.batch_norm_.13.0
39	Conv	p2o.pd_op.batch_norm_.13.0
39	Conv	p2o.pd_op.batch_norm_.13.0
40	HardSigmoid	HardSigmoid.27
40	HardSigmoid	HardSigmoid.27
40	HardSigmoid	HardSigmoid.27
40	HardSigmoid	HardSigmoid.27
40	HardSigmoid	HardSigmoid.27
40	HardSigmoid	HardSigmoid.27
40	HardSigmoid	HardSigmoid.27
40	HardSigmoid	HardSigmoid.27
40	HardSigmoid	HardSigmoid.27
40	HardSigmoid	HardSigmoid.27
40	HardSigmoid	HardSigmoid.27
41	Mul	p2o.pd_op.hardswish.13.0
41	Mul	p2o.pd_op.hardswish.13.0
41	Mul	p2o.pd_op.hardswish.13.0
41	Mul	p2o.pd_op.hardswish.13.0
41	Mul	p2o.pd_op.hardswish.13.041
	Mul41		p2o.pd_op.hardswish.13.0
Mul	p2o.pd_op.hardswish.13.0
41	Mul	p2o.pd_op.hardswish.13.0
41	Mul	p2o.pd_op.hardswish.13.0
41	Mul	p2o.pd_op.hardswish.13.0
41	Mul	p2o.pd_op.hardswish.13.0
42	Conv	p2o.pd_op.batch_norm_.14.0
42	Conv	p2o.pd_op.batch_norm_.14.0
42	Conv	p2o.pd_op.batch_norm_.14.0
42	Conv	p2o.pd_op.batch_norm_.14.0
42	42Conv	Conv		p2o.pd_op.batch_norm_.14.0p2o.pd_op.batch_norm_.14.0

42	Conv	p2o.pd_op.batch_norm_.14.0
42	Conv	p2o.pd_op.batch_norm_.14.0
42	Conv	p2o.pd_op.batch_norm_.14.0
42	Conv	p2o.pd_op.batch_norm_.14.0
42	Conv	p2o.pd_op.batch_norm_.14.0
43	HardSigmoid	HardSigmoid.29
43	HardSigmoid	HardSigmoid.29
43	HardSigmoid	HardSigmoid.29
43	HardSigmoid	HardSigmoid.29
43	HardSigmoid	HardSigmoid.29
43	HardSigmoid	HardSigmoid.29
4343		HardSigmoid	HardSigmoid.29
HardSigmoid	HardSigmoid.29
43	HardSigmoid	HardSigmoid.29
43	HardSigmoid	HardSigmoid.29
43	HardSigmoid	HardSigmoid.29
44	4444Mul	4444			Mul4444p2o.pd_op.hardswish.14.0	MulMul			44	MulMul	p2o.pd_op.hardswish.14.0Mul
p2o.pd_op.hardswish.14.0			
p2o.pd_op.hardswish.14.0	44
p2o.pd_op.hardswish.14.0p2o.pd_op.hardswish.14.0p2o.pd_op.hardswish.14.0
	Mul44
	

	Mulp2o.pd_op.hardswish.14.0Mul	
	p2o.pd_op.hardswish.14.0p2o.pd_op.hardswish.14.0

44	Mul	p2o.pd_op.hardswish.14.0
45	Conv	p2o.pd_op.batch_norm_.15.0
45	Conv	p2o.pd_op.batch_norm_.15.0
4545		ConvConv45			p2o.pd_op.batch_norm_.15.045Convp2o.pd_op.batch_norm_.15.0	

	p2o.pd_op.batch_norm_.15.0Conv
	p2o.pd_op.batch_norm_.15.045
45		ConvConv		45p2o.pd_op.batch_norm_.15.0
p2o.pd_op.batch_norm_.15.0	Conv45
		Convp2o.pd_op.batch_norm_.15.0
	p2o.pd_op.batch_norm_.15.045
	Conv	p2o.pd_op.batch_norm_.15.0
46	HardSigmoid	HardSigmoid.31
46	HardSigmoid	HardSigmoid.31
46	HardSigmoid	HardSigmoid.31
46	HardSigmoid	HardSigmoid.31
46	HardSigmoid	HardSigmoid.31
46	HardSigmoid46		HardSigmoidHardSigmoid.31	
46HardSigmoid.31	
46HardSigmoid		46	HardSigmoidHardSigmoid.31HardSigmoid	
46HardSigmoid.31	HardSigmoid
		HardSigmoid.31HardSigmoid.31

47	Mul	p2o.pd_op.hardswish.15.0
47	Mul	p2o.pd_op.hardswish.15.0
47	Mul	p2o.pd_op.hardswish.15.0
47	Mul	p2o.pd_op.hardswish.15.0
47	Mul	p2o.pd_op.hardswish.15.0
47	Mul	p2o.pd_op.hardswish.15.0
47	Mul	p2o.pd_op.hardswish.15.0
47	Mul	p2o.pd_op.hardswish.15.0
47	Mul	p2o.pd_op.hardswish.15.0
4747		Mul	p2o.pd_op.hardswish.15.0
Mul	p2o.pd_op.hardswish.15.0
48	Conv	p2o.pd_op.batch_norm_.16.0
48	48Conv	Conv		p2o.pd_op.batch_norm_.16.0p2o.pd_op.batch_norm_.16.0

48	Conv	p2o.pd_op.batch_norm_.16.0
48	Conv	p2o.pd_op.batch_norm_.16.0
48	Conv	p2o.pd_op.batch_norm_.16.0
48	Conv	p2o.pd_op.batch_norm_.16.0
48	Conv	p2o.pd_op.batch_norm_.16.0
48	Conv	p2o.pd_op.batch_norm_.16.0
48	Conv	p2o.pd_op.batch_norm_.16.0
48	Conv	p2o.pd_op.batch_norm_.16.0
49	HardSigmoid	HardSigmoid.33
49	HardSigmoid	HardSigmoid.33
49	HardSigmoid	HardSigmoid.33
49	HardSigmoid	HardSigmoid.33
49	HardSigmoid	HardSigmoid.33
49	HardSigmoid	HardSigmoid.33
49	HardSigmoid	HardSigmoid.33
49	HardSigmoid	HardSigmoid.33
49	HardSigmoid	HardSigmoid.33
49	HardSigmoid	HardSigmoid.33
49	HardSigmoid	HardSigmoid.33
50	Mul	p2o.pd_op.hardswish.16.0
5050		Mul	p2o.pd_op.hardswish.16.0Mul
	p2o.pd_op.hardswish.16.0
50	Mul	p2o.pd_op.hardswish.16.0
50	Mul	p2o.pd_op.hardswish.16.0
50	Mul	p2o.pd_op.hardswish.16.0
50	Mul	p2o.pd_op.hardswish.16.0
50	Mul	p2o.pd_op.hardswish.16.0
50	Mul	p2o.pd_op.hardswish.16.0
5050		MulMul		p2o.pd_op.hardswish.16.0
p2o.pd_op.hardswish.16.0
51	Conv	p2o.pd_op.batch_norm_.17.0
51	Conv	p2o.pd_op.batch_norm_.17.0
51	Conv	p2o.pd_op.batch_norm_.17.0
51	Conv	p2o.pd_op.batch_norm_.17.0
51	Conv	p2o.pd_op.batch_norm_.17.0
51	Conv	p2o.pd_op.batch_norm_.17.0
51	Conv	p2o.pd_op.batch_norm_.17.0
51	Conv	p2o.pd_op.batch_norm_.17.0
51	Conv	p2o.pd_op.batch_norm_.17.0
51	Conv	p2o.pd_op.batch_norm_.17.0
51	Conv	p2o.pd_op.batch_norm_.17.0
52	HardSigmoid	HardSigmoid.35
52	HardSigmoid	HardSigmoid.35
52	HardSigmoid	52HardSigmoid.35
	HardSigmoid	HardSigmoid.35
52	HardSigmoid	HardSigmoid.35
52	HardSigmoid	HardSigmoid.35
52	HardSigmoid	HardSigmoid.35
52	HardSigmoid	HardSigmoid.35
5252		HardSigmoidHardSigmoid		HardSigmoid.35HardSigmoid.35
52	
HardSigmoid53		HardSigmoid.35
Mul	p2o.pd_op.hardswish.17.0
53	Mul	p2o.pd_op.hardswish.17.0
53	Mul	p2o.pd_op.hardswish.17.0
53	Mul	p2o.pd_op.hardswish.17.0
53	Mul	p2o.pd_op.hardswish.17.0
53	Mul	p2o.pd_op.hardswish.17.0
53	Mul	p2o.pd_op.hardswish.17.0
53	Mul	p2o.pd_op.hardswish.17.0
53	Mul	p2o.pd_op.hardswish.17.053
	53Mul	Mul		p2o.pd_op.hardswish.17.0p2o.pd_op.hardswish.17.054
	
54Conv		p2o.pd_op.batch_norm_.18.0Conv	
p2o.pd_op.batch_norm_.18.0
54	Conv	54p2o.pd_op.batch_norm_.18.0
	Conv	p2o.pd_op.batch_norm_.18.0
54	Conv	p2o.pd_op.batch_norm_.18.0
54	Conv	p2o.pd_op.batch_norm_.18.0
54	Conv	p2o.pd_op.batch_norm_.18.0
54	Conv	p2o.pd_op.batch_norm_.18.0
54	Conv	p2o.pd_op.batch_norm_.18.0
54	54Conv		Convp2o.pd_op.batch_norm_.18.0
	p2o.pd_op.batch_norm_.18.0
5555		HardSigmoidHardSigmoid		HardSigmoid.37HardSigmoid.37

55	HardSigmoid	HardSigmoid.37
55	HardSigmoid	HardSigmoid.37
55	HardSigmoid	HardSigmoid.37
55	HardSigmoid	HardSigmoid.37
55	HardSigmoid	HardSigmoid.37
55	HardSigmoid	HardSigmoid.37
55	HardSigmoid	HardSigmoid.37
55	HardSigmoid	HardSigmoid.37
5556	56	Mul	p2o.pd_op.hardswish.18.0
	HardSigmoidMul		HardSigmoid.37p2o.pd_op.hardswish.18.0
56
56		MulMul		p2o.pd_op.hardswish.18.0p2o.pd_op.hardswish.18.0

56	56Mul		Mulp2o.pd_op.hardswish.18.0	
p2o.pd_op.hardswish.18.0
56	Mul	p2o.pd_op.hardswish.18.0
56	Mul	p2o.pd_op.hardswish.18.0
56	Mul	p2o.pd_op.hardswish.18.0
56	Mul	p2o.pd_op.hardswish.18.0
57	Conv	p2o.pd_op.batch_norm_.19.0
56	57Mul		Conv	p2o.pd_op.hardswish.18.0p2o.pd_op.batch_norm_.19.0

57	Conv	57	p2o.pd_op.batch_norm_.19.057Conv		
Convp2o.pd_op.batch_norm_.19.0575757		
		p2o.pd_op.batch_norm_.19.0ConvConv
	Conv	p2o.pd_op.batch_norm_.19.0p2o.pd_op.batch_norm_.19.0	

57p2o.pd_op.batch_norm_.19.0
	Conv	p2o.pd_op.batch_norm_.19.057
	Conv	p2o.pd_op.batch_norm_.19.0
5758		ConvHardSigmoid		p2o.pd_op.batch_norm_.19.0HardSigmoid.39

58	HardSigmoid	HardSigmoid.39
58	HardSigmoid	HardSigmoid.39
58	HardSigmoid	HardSigmoid.39
58	HardSigmoid	HardSigmoid.39
58	HardSigmoid	HardSigmoid.39
5858		HardSigmoidHardSigmoid58			HardSigmoid.39HardSigmoid.39HardSigmoid5859	

	HardSigmoid.39	HardSigmoid	Mul
HardSigmoid.3959	
p2o.pd_op.hardswish.19.0	Mul
	p2o.pd_op.hardswish.19.0
58	HardSigmoid	HardSigmoid.39
59	Mul	p2o.pd_op.hardswish.19.0
59	Mul	p2o.pd_op.hardswish.19.0
59	Mul	p2o.pd_op.hardswish.19.0
59	Mul	p2o.pd_op.hardswish.19.0
59	Mul	p2o.pd_op.hardswish.19.0
59	Mul	p2o.pd_op.hardswish.19.0
59	Mul	p2o.pd_op.hardswish.19.0
59	Mul	p2o.pd_op.hardswish.19.0
60	59Conv		60p2o.pd_op.batch_norm_.20.0Mul
	Conv	p2o.pd_op.hardswish.19.0	p2o.pd_op.batch_norm_.20.0

6060		ConvConv6060			p2o.pd_op.batch_norm_.20.0	p2o.pd_op.batch_norm_.20.0Conv6060		
Conv	
Convp2o.pd_op.batch_norm_.20.0Conv	p2o.pd_op.batch_norm_.20.0		
p2o.pd_op.batch_norm_.20.0p2o.pd_op.batch_norm_.20.060

	60
Conv		Convp2o.pd_op.batch_norm_.20.0	p2o.pd_op.batch_norm_.20.0

61	HardSigmoid	HardSigmoid.41
60	Conv	p2o.pd_op.batch_norm_.20.0
61	HardSigmoid	HardSigmoid.41
61	HardSigmoid	HardSigmoid.41
61	HardSigmoid	HardSigmoid.41
61	HardSigmoid	HardSigmoid.41
6161		HardSigmoidHardSigmoid	61	61HardSigmoid.41	HardSigmoid.41	61HardSigmoid
HardSigmoid
		HardSigmoidHardSigmoid.41	62
	HardSigmoid.41	HardSigmoid.41
Mul
	p2o.pd_op.hardswish.20.0
61	HardSigmoid	HardSigmoid.41
62	Mul	p2o.pd_op.hardswish.20.0
62	Mul	p2o.pd_op.hardswish.20.0
62	Mul	p2o.pd_op.hardswish.20.0
62	Mul	p2o.pd_op.hardswish.20.0
6262		MulMul		p2o.pd_op.hardswish.20.0p2o.pd_op.hardswish.20.0

62	Mul	62p2o.pd_op.hardswish.20.0
	Mul	p2o.pd_op.hardswish.20.0
63	62Conv	Mul		p2o.pd_op.batch_norm_.21.0p2o.pd_op.hardswish.20.0

6263	63	Mul63		63Conv	63Convp2o.pd_op.hardswish.20.0			Conv
	p2o.pd_op.batch_norm_.21.0	ConvConv63	p2o.pd_op.batch_norm_.21.0	
p2o.pd_op.batch_norm_.21.0	6363p2o.pd_op.batch_norm_.21.0

Convp2o.pd_op.batch_norm_.21.0		

	ConvConv	p2o.pd_op.batch_norm_.21.0	
p2o.pd_op.batch_norm_.21.0p2o.pd_op.batch_norm_.21.0

64	HardSigmoid	HardSigmoid.43
63	Conv	p2o.pd_op.batch_norm_.21.0
63	Conv	p2o.pd_op.batch_norm_.21.0
64	64HardSigmoid		HardSigmoid	HardSigmoid.43HardSigmoid.43

6464		HardSigmoidHardSigmoid		64HardSigmoid.43HardSigmoid.43	
HardSigmoid
64		HardSigmoid.43HardSigmoid
	HardSigmoid.43
64	HardSigmoid	HardSigmoid.43
64	HardSigmoid	HardSigmoid.43
65	Mul	p2o.pd_op.hardswish.21.0
64	HardSigmoid	HardSigmoid.43
64	HardSigmoid	HardSigmoid.43
65	Mul	p2o.pd_op.hardswish.21.0
65	Mul	p2o.pd_op.hardswish.21.0
65	Mul	p2o.pd_op.hardswish.21.0
65	Mul	65	p2o.pd_op.hardswish.21.0Mul65
		65Mulp2o.pd_op.hardswish.21.0
		p2o.pd_op.hardswish.21.065Mul
	Mul	p2o.pd_op.hardswish.21.0	
p2o.pd_op.hardswish.21.066
65	Conv		p2o.pd_op.batch_norm_.22.0Mul
	p2o.pd_op.hardswish.21.0
66	Conv	p2o.pd_op.batch_norm_.22.0
65	Mul	p2o.pd_op.hardswish.21.0
66	Conv	p2o.pd_op.batch_norm_.22.0
66	Conv	p2o.pd_op.batch_norm_.22.0
66	Conv	p2o.pd_op.batch_norm_.22.0
66	Conv	p2o.pd_op.batch_norm_.22.0
6666		ConvConv	p2o.pd_op.batch_norm_.22.0	p2o.pd_op.batch_norm_.22.0
66	67
Conv		HardSigmoidp2o.pd_op.batch_norm_.22.0	66
HardSigmoid.45	
Conv	p2o.pd_op.batch_norm_.22.0
67	HardSigmoid	HardSigmoid.45
6766		HardSigmoid	HardSigmoid.45
Conv	p2o.pd_op.batch_norm_.22.0
67	HardSigmoid	HardSigmoid.45
6767		HardSigmoidHardSigmoid		HardSigmoid.45HardSigmoid.45

67	HardSigmoid	HardSigmoid.45
6767		68HardSigmoidHardSigmoid			HardSigmoid.45MulHardSigmoid.45
	
p2o.pd_op.hardswish.22.0
67	HardSigmoid	HardSigmoid.45
68	Mul	p2o.pd_op.hardswish.22.0
6867		MulHardSigmoid		p2o.pd_op.hardswish.22.0HardSigmoid.45

68	Mul	p2o.pd_op.hardswish.22.0
6868	Mul		Mulp2o.pd_op.hardswish.22.068	p2o.pd_op.hardswish.22.0
	
Mul68	p2o.pd_op.hardswish.22.0	
Mul	p2o.pd_op.hardswish.22.0
68	Mul	69p2o.pd_op.hardswish.22.0	
68Conv		Mulp2o.pd_op.batch_norm_.23.0	
p2o.pd_op.hardswish.22.0
69	Conv	p2o.pd_op.batch_norm_.23.0
69	Conv	p2o.pd_op.batch_norm_.23.0
68	Mul	p2o.pd_op.hardswish.22.0
69	Conv	p2o.pd_op.batch_norm_.23.0
69	Conv	p2o.pd_op.batch_norm_.23.0
69	Conv	p2o.pd_op.batch_norm_.23.0
69	Conv	p2o.pd_op.batch_norm_.23.0
69	Conv	69p2o.pd_op.batch_norm_.23.0	Conv
	69p2o.pd_op.batch_norm_.23.0	
Conv70		p2o.pd_op.batch_norm_.23.0HardSigmoid
	HardSigmoid.47
70	HardSigmoid	HardSigmoid.47
70	HardSigmoid	HardSigmoid.47
69	Conv	p2o.pd_op.batch_norm_.23.0
70	HardSigmoid	HardSigmoid.47
7070	HardSigmoid		HardSigmoid.47HardSigmoid
	HardSigmoid.47
70	HardSigmoid	HardSigmoid.47
70	HardSigmoid	HardSigmoid.47
70	HardSigmoid	HardSigmoid.47
71	Mul70	p2o.pd_op.hardswish.23.0
	HardSigmoid	HardSigmoid.47
71	Mul	p2o.pd_op.hardswish.23.0
71	Mul	p2o.pd_op.hardswish.23.0
70	HardSigmoid	HardSigmoid.47
71	Mul	p2o.pd_op.hardswish.23.0
71	Mul	p2o.pd_op.hardswish.23.0
7171		Mul	Mul	p2o.pd_op.hardswish.23.0p2o.pd_op.hardswish.23.0

71	71Mul		Mulp2o.pd_op.hardswish.23.0	
p2o.pd_op.hardswish.23.0
72	71GlobalAveragePool		Mulp2o.pd_op.pool2d.0.0	
p2o.pd_op.hardswish.23.0
72	GlobalAveragePool	p2o.pd_op.pool2d.0.0
72	GlobalAveragePool	p2o.pd_op.pool2d.0.0
71	Mul	p2o.pd_op.hardswish.23.0
72	GlobalAveragePool	p2o.pd_op.pool2d.0.0
72	GlobalAveragePool	p2o.pd_op.pool2d.0.0
72	GlobalAveragePool	p2o.pd_op.pool2d.0.0
72	GlobalAveragePool	p2o.pd_op.pool2d.0.0
72	GlobalAveragePool	p2o.pd_op.pool2d.0.0
72	GlobalAveragePool	p2o.pd_op.pool2d.0.0
73	Conv	p2o.pd_op.relu.0.0
72	GlobalAveragePool	p2o.pd_op.pool2d.0.0
73	Conv	p2o.pd_op.relu.0.0
73	Conv	p2o.pd_op.relu.0.0
72	GlobalAveragePool	p2o.pd_op.pool2d.0.0
73	Conv	p2o.pd_op.relu.0.0
73	Conv	p2o.pd_op.relu.0.0
73	Conv	73p2o.pd_op.relu.0.0	
Conv	p2o.pd_op.relu.0.0
73	Conv	p2o.pd_op.relu.0.0
73	Conv	p2o.pd_op.relu.0.0
74	Conv	Add.3
7374		ConvConv		p2o.pd_op.relu.0.0Add.3

74	Conv	Add.3
73	Conv	p2o.pd_op.relu.0.0
74	Conv	Add.3
74	Conv	Add.3
74	Conv	Add.3
74	Conv	Add.3
74	Conv	Add.3
74	Conv	Add.3
75	74HardSigmoid		p2o.pd_op.hardsigmoid.0.0
Conv	Add.375
	HardSigmoid	75p2o.pd_op.hardsigmoid.0.0	
HardSigmoid	p2o.pd_op.hardsigmoid.0.0
74	Conv	Add.3
75	HardSigmoid	p2o.pd_op.hardsigmoid.0.0
75	HardSigmoid	p2o.pd_op.hardsigmoid.0.0
75	HardSigmoid	p2o.pd_op.hardsigmoid.0.0
75	HardSigmoid	p2o.pd_op.hardsigmoid.0.0
75	HardSigmoid	p2o.pd_op.hardsigmoid.0.0
75	HardSigmoid76		p2o.pd_op.hardsigmoid.0.0Mul
75		Mul.25
HardSigmoid	p2o.pd_op.hardsigmoid.0.0
76	Mul	Mul.25
76	Mul	Mul.25
75	HardSigmoid	p2o.pd_op.hardsigmoid.0.0
76	Mul	Mul.25
76	Mul	Mul.25
76	Mul	Mul.25
76	Mul	Mul.25
76	Mul	Mul.25
76	Mul	Mul.25
77	Conv	p2o.pd_op.batch_norm_.24.0
76	Mul	Mul.25
77	77Conv		Convp2o.pd_op.batch_norm_.24.0
	p2o.pd_op.batch_norm_.24.0
76	Mul	Mul.25
77	Conv	p2o.pd_op.batch_norm_.24.0
77	Conv	p2o.pd_op.batch_norm_.24.0
77	Conv	p2o.pd_op.batch_norm_.24.0
77	Conv	p2o.pd_op.batch_norm_.24.0
77	Conv	p2o.pd_op.batch_norm_.24.0
77	Conv	p2o.pd_op.batch_norm_.24.0
78	HardSigmoid	HardSigmoid.50
77	Conv	p2o.pd_op.batch_norm_.24.0
7878		HardSigmoid	HardSigmoidHardSigmoid.50	
HardSigmoid.50
77	Conv	p2o.pd_op.batch_norm_.24.0
78	HardSigmoid	HardSigmoid.50
78	HardSigmoid	HardSigmoid.50
78	HardSigmoid	HardSigmoid.50
78	HardSigmoid	HardSigmoid.50
78	HardSigmoid78		HardSigmoid.50HardSigmoid
	HardSigmoid.50
79	Mul	p2o.pd_op.hardswish.24.0
78	HardSigmoid	HardSigmoid.50
79	79Mul		Mulp2o.pd_op.hardswish.24.0	
p2o.pd_op.hardswish.24.0
78	HardSigmoid	HardSigmoid.50
79	Mul	p2o.pd_op.hardswish.24.0
79	Mul	p2o.pd_op.hardswish.24.0
79	Mul	p2o.pd_op.hardswish.24.0
79	Mul	p2o.pd_op.hardswish.24.0
79	Mul	p2o.pd_op.hardswish.24.0
79	Mul	p2o.pd_op.hardswish.24.0
80	Conv	p2o.pd_op.batch_norm_.25.0
79	Mul	p2o.pd_op.hardswish.24.0
80	Conv	p2o.pd_op.batch_norm_.25.0
80	Conv	p2o.pd_op.batch_norm_.25.0
79	Mul	p2o.pd_op.hardswish.24.0
80	Conv	p2o.pd_op.batch_norm_.25.0
80	Conv	p2o.pd_op.batch_norm_.25.0
80	Conv	p2o.pd_op.batch_norm_.25.0
80	Conv	p2o.pd_op.batch_norm_.25.0
80	80Conv		p2o.pd_op.batch_norm_.25.0Conv
	p2o.pd_op.batch_norm_.25.0
81	HardSigmoid	HardSigmoid.52
80	Conv	p2o.pd_op.batch_norm_.25.0
81	HardSigmoid	HardSigmoid.52
81	80HardSigmoid		ConvHardSigmoid.52	
p2o.pd_op.batch_norm_.25.0
8181		HardSigmoidHardSigmoid		HardSigmoid.52HardSigmoid.52

81	HardSigmoid	HardSigmoid.52
81818182				HardSigmoidMulHardSigmoidHardSigmoid				p2o.pd_op.hardswish.25.0HardSigmoid.52HardSigmoid.52HardSigmoid.52



81	8282	HardSigmoid	Mul	81	Mul	HardSigmoid.5282
HardSigmoid	p2o.pd_op.hardswish.25.0p2o.pd_op.hardswish.25.0		82	82

MulHardSigmoid.52
	Mul	Mul	p2o.pd_op.hardswish.25.0p2o.pd_op.hardswish.25.0
	
p2o.pd_op.hardswish.25.0
83	GlobalAveragePool	p2o.pd_op.pool2d.1.0
82	Mul	p2o.pd_op.hardswish.25.0
82	Mul	p2o.pd_op.hardswish.25.0
82	Mul	p2o.pd_op.hardswish.25.0
8283		83MulGlobalAveragePool		GlobalAveragePool	p2o.pd_op.hardswish.25.0	p2o.pd_op.pool2d.1.0
p2o.pd_op.pool2d.1.0

83	82GlobalAveragePool		Mulp2o.pd_op.pool2d.1.0	
p2o.pd_op.hardswish.25.0
8383		GlobalAveragePoolGlobalAveragePool		p2o.pd_op.pool2d.1.0p2o.pd_op.pool2d.1.0

84	Conv83		p2o.pd_op.relu.1.0GlobalAveragePool	p2o.pd_op.pool2d.1.0

83	GlobalAveragePool	p2o.pd_op.pool2d.1.0
83	GlobalAveragePool	p2o.pd_op.pool2d.1.0
83	GlobalAveragePool	84p2o.pd_op.pool2d.1.0
	Conv84		p2o.pd_op.relu.1.0
Conv	p2o.pd_op.relu.1.0
84	Conv	p2o.pd_op.relu.1.0
83	GlobalAveragePool	p2o.pd_op.pool2d.1.0
84	Conv	p2o.pd_op.relu.1.0
84	Conv	p2o.pd_op.relu.1.0
85	Conv	Add.7
84	Conv	p2o.pd_op.relu.1.0
84	Conv	p2o.pd_op.relu.1.0
84	Conv	p2o.pd_op.relu.1.0
84	Conv	p2o.pd_op.relu.1.0
85	Conv	Add.7
85	Conv	Add.7
85	Conv	Add.7
85	Conv	Add.7
84	Conv	p2o.pd_op.relu.1.085
	Conv	Add.7
86	HardSigmoid	p2o.pd_op.hardsigmoid.1.0
85	Conv	Add.7
85	Conv	Add.7
85	Conv	Add.7
85	Conv	Add.7
86	HardSigmoid	p2o.pd_op.hardsigmoid.1.0
86	HardSigmoid	p2o.pd_op.hardsigmoid.1.0
86	HardSigmoid	p2o.pd_op.hardsigmoid.1.0
86	HardSigmoid	p2o.pd_op.hardsigmoid.1.0
85	Conv	Add.7
86	HardSigmoid	p2o.pd_op.hardsigmoid.1.0
86	HardSigmoid	p2o.pd_op.hardsigmoid.1.0
87	Mul	Mul.29
86	HardSigmoid	p2o.pd_op.hardsigmoid.1.0
86	HardSigmoid	p2o.pd_op.hardsigmoid.1.0
86	HardSigmoid	p2o.pd_op.hardsigmoid.1.0
87	Mul	Mul.29
87	Mul	Mul.29
87	Mul	Mul.29
87	86Mul		HardSigmoidMul.29	
p2o.pd_op.hardsigmoid.1.0
87	87Mul	88Mul			ConvMul.29Mul.29	

87p2o.pd_op.batch_norm_.26.087	
	MulMul		Mul.29Mul.29

87	Mul	Mul.29
88	Conv	p2o.pd_op.batch_norm_.26.0
88	Conv	p2o.pd_op.batch_norm_.26.0
88	Conv	p2o.pd_op.batch_norm_.26.0
87	Mul88	Mul.29
	Conv	p2o.pd_op.batch_norm_.26.0
88	Conv	p2o.pd_op.batch_norm_.26.0
8988		HardSigmoidConv		HardSigmoid.55p2o.pd_op.batch_norm_.26.088

	88	ConvConv		p2o.pd_op.batch_norm_.26.0p2o.pd_op.batch_norm_.26.0

88	Conv	p2o.pd_op.batch_norm_.26.0
8989		HardSigmoid	HardSigmoidHardSigmoid.55	
HardSigmoid.5589
	88HardSigmoid		HardSigmoid.55
Conv	p2o.pd_op.batch_norm_.26.0
89	HardSigmoid	HardSigmoid.55
89	HardSigmoid	HardSigmoid.55
90	Mul	p2o.pd_op.hardswish.26.0
8989		HardSigmoidHardSigmoid		HardSigmoid.55HardSigmoid.55

89	HardSigmoid	HardSigmoid.55
89	HardSigmoid	HardSigmoid.55
90	Mul	p2o.pd_op.hardswish.26.0
90	Mul	p2o.pd_op.hardswish.26.0
90	Mul	p2o.pd_op.hardswish.26.0
90	Mul	p2o.pd_op.hardswish.26.0
89	HardSigmoid	HardSigmoid.55
90	Mul91		p2o.pd_op.hardswish.26.0GlobalAveragePool
	p2o.pd_op.pool2d.2.0
90	Mul	p2o.pd_op.hardswish.26.0
90	Mul	p2o.pd_op.hardswish.26.0
90	Mul	p2o.pd_op.hardswish.26.0
90	Mul	p2o.pd_op.hardswish.26.0
91	91GlobalAveragePool		p2o.pd_op.pool2d.2.0GlobalAveragePool
	91p2o.pd_op.pool2d.2.0	GlobalAveragePool
	p2o.pd_op.pool2d.2.0
91	GlobalAveragePool	p2o.pd_op.pool2d.2.0
90	Mul	p2o.pd_op.hardswish.26.0
9191		GlobalAveragePoolGlobalAveragePool92		p2o.pd_op.pool2d.2.0	Conv
p2o.pd_op.pool2d.2.0	p2o.pd_op.conv2d.18.0

91	GlobalAveragePool	p2o.pd_op.pool2d.2.0
91	GlobalAveragePool	p2o.pd_op.pool2d.2.0
91	GlobalAveragePool	p2o.pd_op.pool2d.2.0
92	Conv	p2o.pd_op.conv2d.18.0
92	Conv	p2o.pd_op.conv2d.18.0
92	92	ConvConv		p2o.pd_op.conv2d.18.0p2o.pd_op.conv2d.18.0

91	GlobalAveragePool	p2o.pd_op.pool2d.2.0
92	92Conv		Conv	p2o.pd_op.conv2d.18.0p2o.pd_op.conv2d.18.0

9392	HardSigmoid		ConvHardSigmoid.57	
p2o.pd_op.conv2d.18.0
92	Conv	p2o.pd_op.conv2d.18.0
9293		ConvHardSigmoid		p2o.pd_op.conv2d.18.0HardSigmoid.57

93	HardSigmoid	HardSigmoid.57
93	HardSigmoid	HardSigmoid.57
93	HardSigmoid	HardSigmoid.57
92	Conv	p2o.pd_op.conv2d.18.0
93	HardSigmoid	HardSigmoid.57
9493	93	MulHardSigmoid	93		HardSigmoid	p2o.pd_op.hardswish.27.0HardSigmoid.57	HardSigmoid

HardSigmoid.57	HardSigmoid.57

94	Mul	p2o.pd_op.hardswish.27.0
9493		HardSigmoidMul	HardSigmoid.57	
p2o.pd_op.hardswish.27.094
	Mul	p2o.pd_op.hardswish.27.0
94	Mul	p2o.pd_op.hardswish.27.0
93	HardSigmoid	HardSigmoid.57
94	Mul	p2o.pd_op.hardswish.27.0
95	Mul	p2o.pd_op.dropout.0.0
949494			MulMulMul			p2o.pd_op.hardswish.27.0p2o.pd_op.hardswish.27.0p2o.pd_op.hardswish.27.0


95	95Mul	9495Mul			Mul	p2o.pd_op.dropout.0.0
	p2o.pd_op.dropout.0.0Mul9594	p2o.pd_op.hardswish.27.0
p2o.pd_op.dropout.0.0	95
	
Mul	Mul99		Mul	p2o.pd_op.dropout.0.0Reshape	p2o.pd_op.hardswish.27.0
	
p2o.pd_op.dropout.0.0p2o.pd_op.flatten.0.0

95	Mul	p2o.pd_op.dropout.0.0
95	Mul	p2o.pd_op.dropout.0.0
95	Mul	p2o.pd_op.dropout.0.0
99	Reshape	p2o.pd_op.flatten.0.0
99	Reshape	p2o.pd_op.flatten.0.0
95	Mul	p2o.pd_op.dropout.0.099
	Reshape99		Reshapep2o.pd_op.flatten.0.0
	100p2o.pd_op.flatten.0.095	99
	MatMulMul		Reshape	p2o.pd_op.matmul.0.0	p2o.pd_op.dropout.0.0
p2o.pd_op.flatten.0.0

99	Reshape	p2o.pd_op.flatten.0.0
99	Reshape	p2o.pd_op.flatten.0.0
99	Reshape	p2o.pd_op.flatten.0.0
100	MatMul	p2o.pd_op.matmul.0.0
100	MatMul	p2o.pd_op.matmul.0.0
99	Reshape	p2o.pd_op.flatten.0.0
100	MatMul	p2o.pd_op.matmul.0.0
100	MatMul	p2o.pd_op.matmul.0.099
	101Reshape		100Addp2o.pd_op.flatten.0.0
		Add.9MatMul100
100			MatMulp2o.pd_op.matmul.0.0MatMul	
100	p2o.pd_op.matmul.0.0	p2o.pd_op.matmul.0.0
MatMul
	p2o.pd_op.matmul.0.0
101	Add	Add.9
101	Add	Add.9
100	MatMul	p2o.pd_op.matmul.0.0
101	Add	Add.9
101	Add	Add.9
100	MatMul	p2o.pd_op.matmul.0.0
101	102Add	101101Softmax			101	AddAdd	fetch_name_0Add.9		Add

Add.9Add.9	102Add.9
	
Softmax
	fetch_name_0
102	Softmax	101fetch_name_0	
Add	Add.9
102	Softmax	fetch_name_0
102	Softmax	101fetch_name_0	
Add	Add.9
102	Softmax	fetch_name_0
102102102	Softmax	fetch_name_0	
	SoftmaxSoftmax	102		fetch_name_0fetch_name_0Softmax

	fetch_name_0
102	Softmax	fetch_name_0
0	Conv	p2o.pd_op.gelu.0.0
0	Conv0	p2o.pd_op.gelu.0.0	
Conv	p2o.pd_op.gelu.0.0
0	Conv	p2o.pd_op.gelu.0.0
0	Conv	p2o.pd_op.gelu.0.0
0	Conv	p2o.pd_op.gelu.0.0
0	Conv	p2o.pd_op.gelu.0.0
0	Conv	p2o.pd_op.gelu.0.0
0	Conv	p2o.pd_op.gelu.0.0
0	Conv	p2o.pd_op.gelu.0.0
1	Conv	p2o.pd_op.batch_norm_.1.0
0	Conv	p2o.pd_op.gelu.0.0
1	Conv	p2o.pd_op.batch_norm_.1.0
1	Conv	p2o.pd_op.batch_norm_.1.0
1	Conv	p2o.pd_op.batch_norm_.1.0
1	Conv	p2o.pd_op.batch_norm_.1.0
1	Conv	p2o.pd_op.batch_norm_.1.0
1	Conv	p2o.pd_op.batch_norm_.1.0
1	Conv	p2o.pd_op.batch_norm_.1.0
2	Conv	Add.3
1	Conv	p2o.pd_op.batch_norm_.1.0
2	Conv	Add.3
2	Conv	Add.3
12		ConvConv		p2o.pd_op.batch_norm_.1.0
Add.3
1	Conv	p2o.pd_op.batch_norm_.1.0
2	Conv	Add.3
2	Conv	Add.3
2	Conv	Add.3
3	ReduceMean	ReduceMean.1
2	Conv	Add.3
3	ReduceMean	ReduceMean.1
2	Conv	Add.3
3	ReduceMean	ReduceMean.1
3	ReduceMean	ReduceMean.1
3	ReduceMean	ReduceMean.1
2	Conv	Add.3
3	ReduceMean	ReduceMean.1
3	ReduceMean	ReduceMean.1
23	Conv		ReduceMeanAdd.3	
ReduceMean.14
	Conv	p2o.pd_op.relu.0.0
4	4	Conv	Convp2o.pd_op.relu.0.0	
p2o.pd_op.relu.0.03
	ReduceMean	ReduceMean.1
4	Conv	p2o.pd_op.relu.0.0
4	Conv	p2o.pd_op.relu.0.0
3	ReduceMean	ReduceMean.1
4	Conv	p2o.pd_op.relu.0.0
4	4Conv		Convp2o.pd_op.relu.0.0	
p2o.pd_op.relu.0.03
	ReduceMean	ReduceMean.1
5	Conv	Add.7
5	Conv	Add.7
5	Conv	Add.7
4	Conv	p2o.pd_op.relu.0.0
5	Conv	Add.7
5	Conv	Add.7
4	Conv	p2o.pd_op.relu.0.0
5	Conv	Add.7
5	Conv	Add.7
4	Conv	p2o.pd_op.relu.0.0
5	Conv	Add.7
6	HardSigmoid6		p2o.pd_op.hardsigmoid.0.0HardSigmoid
	p2o.pd_op.hardsigmoid.0.0
6	HardSigmoid	p2o.pd_op.hardsigmoid.0.0
5	Conv	Add.7
6	HardSigmoid	p2o.pd_op.hardsigmoid.0.0
6	HardSigmoid	p2o.pd_op.hardsigmoid.0.0
5	Conv	Add.7
6	HardSigmoid	p2o.pd_op.hardsigmoid.0.0
5	Conv	Add.7
6	HardSigmoid	p2o.pd_op.hardsigmoid.0.0
6	HardSigmoid	p2o.pd_op.hardsigmoid.0.0
7	Mul	Mul.4
7	Mul6		Mul.47HardSigmoid
		Mulp2o.pd_op.hardsigmoid.0.0
	Mul.4
7	Mul	Mul.4
6	HardSigmoid	p2o.pd_op.hardsigmoid.0.0
7	Mul	Mul.4
7	Mul	Mul.4
6	HardSigmoid	p2o.pd_op.hardsigmoid.0.0
7	Mul	Mul.4
7	Mul	Mul.4
8	Conv	p2o.pd_op.gelu.1.0
7	8Mul		8ConvMul.4		
p2o.pd_op.gelu.1.0Conv	
p2o.pd_op.gelu.1.0
87		ConvMul	Mul.4	
p2o.pd_op.gelu.1.0
8	Conv	p2o.pd_op.gelu.1.0
8	Conv	p2o.pd_op.gelu.1.0
8	7Conv		Mul	p2o.pd_op.gelu.1.0Mul.4

9	Conv	Add.15
8	Conv	p2o.pd_op.gelu.1.0
9	9Conv		ConvAdd.15
	Add.15
9	Conv	Add.15
8	Conv	p2o.pd_op.gelu.1.0
9	Conv	Add.15
9	Conv	Add.15
8	Conv	p2o.pd_op.gelu.1.0
9	Conv	Add.15
10	Conv	Add.17
8	Conv	p2o.pd_op.gelu.1.0
910	Conv		Add.17Conv
	10Add.15
	Conv	Add.1710
	9	Conv	ConvAdd.17	
Add.1510
	Conv	Add.17
10	Conv	Add.17
109		ConvConv		Add.17Add.15

11	Conv	p2o.pd_op.gelu.2.0
9	Conv	Add.15
11	Conv	p2o.pd_op.gelu.2.0
10	Conv	Add.17
10	Conv	Add.17
11	Conv	p2o.pd_op.gelu.2.0
11	Conv	p2o.pd_op.gelu.2.0
11	11Conv	Conv		p2o.pd_op.gelu.2.0p2o.pd_op.gelu.2.0

10	Conv	Add.17
12	Conv	Add.25
11	Conv	p2o.pd_op.gelu.2.0
10	Conv	Add.1712
	Conv	Add.25
12	Conv	Add.25
12	Conv	Add.25
11	Conv	p2o.pd_op.gelu.2.0
11	Conv	p2o.pd_op.gelu.2.0
12	Conv	Add.25
13	Conv	Add.27
12	Conv	Add.25
12	Conv	Add.25
11	Conv	p2o.pd_op.gelu.2.0
13	Conv	Add.27
13	Conv	Add.27
13	Conv	Add.27
11	Conv	p2o.pd_op.gelu.2.0
12	Conv	Add.25
12	Conv	Add.25
13	Conv	Add.27
14	Conv	p2o.pd_op.gelu.3.0
13	Conv	Add.27
13	Conv	Add.27
14	Conv	p2o.pd_op.gelu.3.0
14	12Conv		Conv	p2o.pd_op.gelu.3.0Add.25

14	Conv	p2o.pd_op.gelu.3.0
13	Conv	Add.27
13	12Conv	14Conv			Add.27ConvAdd.25
	
p2o.pd_op.gelu.3.0
15	Conv	Add.33
14	14Conv	15Conv			p2o.pd_op.gelu.3.0Convp2o.pd_op.gelu.3.0
	
Add.33
1513		Conv	ConvAdd.27	
Add.33
15	Conv	Add.33
14	Conv	p2o.pd_op.gelu.3.0
13	Conv	Add.27
14	16Conv		15Convp2o.pd_op.gelu.3.0		
Add.35Conv15
		ConvAdd.33	Add.33

16	Conv	Add.35
15	Conv	Add.33
16	Conv16		Add.35Conv
14	Add.35
	Conv	p2o.pd_op.gelu.3.0
15	Conv	Add.33
14	Conv	p2o.pd_op.gelu.3.0
17	ReduceMean	ReduceMean.3
15	Conv	Add.33
17	ReduceMean	ReduceMean.3
1616		ConvConv		Add.35Add.35
16
	Conv	Add.35
17	17ReduceMean		ReduceMean.3ReduceMean
	ReduceMean.3
16	Conv	Add.35
15	Conv	Add.33
18	Conv	p2o.pd_op.relu.1.0
15	Conv	Add.33
18	Conv	p2o.pd_op.relu.1.0
16	Conv	Add.35
17	17ReduceMean		ReduceMeanReduceMean.3	
ReduceMean.3
17	ReduceMean	ReduceMean.3
18	Conv	p2o.pd_op.relu.1.0
18	Conv	p2o.pd_op.relu.1.0
17	ReduceMean	ReduceMean.3
19	Conv	Add.39
16	Conv	Add.35
19	Conv	Add.39
17	ReduceMean	ReduceMean.3
16	Conv	Add.35
18	Conv	p2o.pd_op.relu.1.0
18	Conv	p2o.pd_op.relu.1.0
18	Conv	p2o.pd_op.relu.1.0
19	Conv	Add.39
19	Conv	Add.39
18	Conv	p2o.pd_op.relu.1.0
20	HardSigmoid	p2o.pd_op.hardsigmoid.1.0
20	HardSigmoid	p2o.pd_op.hardsigmoid.1.0
18	Conv	p2o.pd_op.relu.1.0
17	ReduceMean	ReduceMean.3
17	ReduceMean	ReduceMean.3
19	Conv	Add.39
19	Conv	Add.39
19	Conv	Add.39
20	HardSigmoid	p2o.pd_op.hardsigmoid.1.0
20	HardSigmoid	p2o.pd_op.hardsigmoid.1.0
19	Conv	Add.39
21	Mul	Mul.15
19	Conv21		Add.39Mul	
Mul.152018		
18HardSigmoidConv	20		Conv	p2o.pd_op.relu.1.0p2o.pd_op.hardsigmoid.1.0
HardSigmoid
	20p2o.pd_op.relu.1.0		
p2o.pd_op.hardsigmoid.1.0HardSigmoid
	p2o.pd_op.hardsigmoid.1.0
20	HardSigmoid	p2o.pd_op.hardsigmoid.1.0
21	Mul	Mul.15
21	Mul	Mul.15
22	Conv	p2o.pd_op.gelu.4.0
20	HardSigmoid	p2o.pd_op.hardsigmoid.1.0
19	Conv	19Add.39	
Conv	Add.39
21	Mul	Mul.1522
	Conv	p2o.pd_op.gelu.4.0
21	Mul	Mul.15
21	21Mul		MulMul.15	Mul.15

22	Conv	p2o.pd_op.gelu.4.0
22	Conv	p2o.pd_op.gelu.4.0
23	Conv	Add.47
20	HardSigmoid	p2o.pd_op.hardsigmoid.1.0
21	Mul	Mul.15
20	HardSigmoid	p2o.pd_op.hardsigmoid.1.0
23	Conv	Add.47
22	Conv	p2o.pd_op.gelu.4.0
22	Conv	p2o.pd_op.gelu.4.0
22	Conv	p2o.pd_op.gelu.4.0
23	Conv	Add.47
22	Conv	p2o.pd_op.gelu.4.0
2324	Conv	Add.47
	Conv	Add.49
21	Mul	Mul.15
21	Mul	Mul.15
24	Conv	Add.49
22	Conv	p2o.pd_op.gelu.4.0
23	Conv	Add.47
23	Conv	Add.47
2423		ConvConv		Add.47Add.49

23	Conv24	Add.47
	Conv	Add.49
25	Conv	p2o.pd_op.gelu.5.0
22	Conv25		p2o.pd_op.gelu.4.0Conv
	p2o.pd_op.gelu.5.0
24	Conv	Add.49
24	Conv	Add.49
23	Conv	Add.4722
	24Conv	Conv		p2o.pd_op.gelu.4.0Add.49

25	Conv	p2o.pd_op.gelu.5.0
24	Conv25		Conv	Add.49p2o.pd_op.gelu.5.0

26	Conv	Add.57
26	Conv	Add.57
23	Conv	25	Conv	p2o.pd_op.gelu.5.0Add.47

25	24Conv		p2o.pd_op.gelu.5.0Conv
	Add.4926	
Conv	Add.57
27	Conv	Add.59
26	Conv25		Add.57Conv25	
	p2o.pd_op.gelu.5.023Conv
		Conv	p2o.pd_op.gelu.5.0Add.47

27	Conv	Add.59
26	Conv	Add.57
26	Conv	Add.57
27	Conv	Add.59
24	Conv	Add.49
25	Conv27		p2o.pd_op.gelu.5.0Conv
	Add.59
28	Conv	p2o.pd_op.gelu.6.0
26	Conv	Add.57
26	Conv	Add.57
24	Conv	Add.49
28	Conv	p2o.pd_op.gelu.6.0
27	Conv	Add.59
27	Conv	Add.59
28	Conv	p2o.pd_op.gelu.6.0
28	Conv	p2o.pd_op.gelu.6.026	Conv	Add.57
29
	Conv	Add.65
27	Conv	Add.59
27	Conv	Add.59
25	Conv	p2o.pd_op.gelu.5.0
29	Conv	Add.65
25	Conv	p2o.pd_op.gelu.5.0
2928		ConvConv		28Add.65p2o.pd_op.gelu.6.0	

Conv	p2o.pd_op.gelu.6.0
27	Conv	30Add.59
	Conv	Add.6729
	Conv	Add.65
2828		ConvConv		p2o.pd_op.gelu.6.0p2o.pd_op.gelu.6.0

30	Conv	Add.67
26	Conv	Add.57
30	Conv	Add.67
26	Conv	Add.57
31	ReduceMean	ReduceMean.5
2928		ConvConv	Add.65	
p2o.pd_op.gelu.6.0
2930		ConvConv		Add.65
Add.67
312929		ConvReduceMean			Add.65ConvReduceMean.5
	
Add.65
27	Conv	Add.59
3231		ReduceMean	ConvReduceMean.5	
30	Conv	p2o.pd_op.relu.2.0Add.67

27	Conv	Add.59
29	Conv	Add.65
3231		Conv	ReduceMeanp2o.pd_op.relu.2.0	
ReduceMean.5
3030		ConvConv		Add.67
Add.67
30	Conv	Add.67
32	Conv31		p2o.pd_op.relu.2.0ReduceMean33	
	ReduceMean.5Conv
	Add.71
28	Conv	p2o.pd_op.gelu.6.0
33	Conv	Add.71
32	Conv30		Conv	p2o.pd_op.relu.2.0Add.67

28	Conv	p2o.pd_op.gelu.6.0
31	ReduceMean	ReduceMean.5
31	ReduceMean	ReduceMean.5
31	ReduceMean	ReduceMean.5
33	Conv	Add.71
32	Conv	p2o.pd_op.relu.2.0
34	HardSigmoid	p2o.pd_op.hardsigmoid.2.0
34	HardSigmoid	p2o.pd_op.hardsigmoid.2.0
31	29ReduceMean		ConvReduceMean.5	
Add.65
33	Conv	Add.71
32	29Conv		Convp2o.pd_op.relu.2.0
	Add.65
32	Conv	p2o.pd_op.relu.2.0
3432	33	HardSigmoidConv			Convp2o.pd_op.hardsigmoid.2.0	p2o.pd_op.relu.2.0
Add.71

35	Mul	Mul.26
3532	34Mul			ConvHardSigmoidMul.26		
p2o.pd_op.hardsigmoid.2.0p2o.pd_op.relu.2.0
30	
Conv	Add.67
33	33Conv	Conv		Add.71Add.71

33	Conv	Add.71
34	HardSigmoid	35p2o.pd_op.hardsigmoid.2.0	
Mul	Mul.26
30	Conv	Add.67
3335	Conv		Mul	Add.7131	
Mul.26ReduceMean
	ReduceMean.5
36	Conv34		p2o.pd_op.gelu.7.034
HardSigmoid		HardSigmoidp2o.pd_op.hardsigmoid.2.0
34		p2o.pd_op.hardsigmoid.2.0
HardSigmoid	p2o.pd_op.hardsigmoid.2.036	
35Conv31			Mulp2o.pd_op.gelu.7.0ReduceMean		Mul.26
ReduceMean.5

36	Conv	p2o.pd_op.gelu.7.0
34	HardSigmoid	p2o.pd_op.hardsigmoid.2.0
32	Conv	p2o.pd_op.relu.2.0
37	Conv	Add.79
35	Mul	Mul.26
35	Mul	Mul.26
36	35Conv	Mul		p2o.pd_op.gelu.7.0Mul.26

32	Conv	p2o.pd_op.relu.2.0
37	Conv	Add.79
37	Conv	Add.79
33	Conv	Add.71
35	Mul	Mul.26
36	Conv	p2o.pd_op.gelu.7.0
38	Conv	Add.81
33	Conv	Add.71
38	Conv	Add.81
3637	Conv		Conv	p2o.pd_op.gelu.7.0Add.79

3634	Conv38	3736	HardSigmoid		Convp2o.pd_op.gelu.7.0	Conv	3634	
39	Convp2o.pd_op.hardsigmoid.2.0		Add.79HardSigmoid
Add.81		Conv	p2o.pd_op.gelu.7.0

	Conv
p2o.pd_op.hardsigmoid.2.0	p2o.pd_op.gelu.7.0

p2o.pd_op.gelu.8.0
38	Conv	Add.81
3839		ConvConv		p2o.pd_op.gelu.8.0Add.81

35	Mul	Mul.26
35	Mul	Mul.26
37	Conv	Add.79
40	Conv39		Add.89Conv
	p2o.pd_op.gelu.8.0
37	Conv	Add.79
37	Conv	Add.79
37	Conv	Add.79
39	Conv	p2o.pd_op.gelu.8.0
40	Conv	Add.89
39	Conv	p2o.pd_op.gelu.8.0
38	Conv	Add.81
41	Conv36		Add.91Conv
	p2o.pd_op.gelu.7.038
	Conv	Add.81
38	4036	Conv	Conv	Conv	Add.81Add.89	38

p2o.pd_op.gelu.7.0	Conv
	Add.81
4041		ConvConv		Add.89Add.91

40	Conv	Add.89
42	Conv	p2o.pd_op.gelu.9.0
39	Conv	p2o.pd_op.gelu.8.0
41	Conv	Add.91
37	41Conv		ConvAdd.7939	
	Add.91Conv
	p2o.pd_op.gelu.8.0
41	Conv	Add.91
39	Conv	p2o.pd_op.gelu.8.0
37	Conv	Add.79
42	Conv	p2o.pd_op.gelu.9.0
39	43Conv		Convp2o.pd_op.gelu.8.0	
Add.99
40	Conv	Add.89
42	Conv	p2o.pd_op.gelu.9.0
38	Conv	Add.81
42	Conv	p2o.pd_op.gelu.9.0
42	Conv	p2o.pd_op.gelu.9.0
4040		ConvConv		Add.89Add.8938

	44Conv	AveragePool		p2o.pd_op.pool2d.0.0Add.81

43	Conv	Add.99
40	Conv	Add.89
41	Conv	Add.91
43	Conv	Add.99
43	Conv	41Add.99	41
Conv		ConvAdd.9145	Squeeze	
	Add.91p2o.pd_op.squeeze.0.0
43
	Conv	Add.99
44	AveragePool	p2o.pd_op.pool2d.0.0
41	Conv	Add.91
39	Conv	p2o.pd_op.gelu.8.0
44	AveragePool	p2o.pd_op.pool2d.0.039
	Conv	p2o.pd_op.gelu.8.0
44	AveragePool	p2o.pd_op.pool2d.0.0
42	Conv	p2o.pd_op.gelu.9.0
46	Unsqueeze	p2o.pd_op.unsqueeze.1.0
44	AveragePool	p2o.pd_op.pool2d.0.0
45	Squeeze	p2o.pd_op.squeeze.0.0
42	Conv	p2o.pd_op.gelu.9.0
42	Conv	p2o.pd_op.gelu.9.0
45	Squeeze	p2o.pd_op.squeeze.0.0
4045		Squeeze	Convp2o.pd_op.squeeze.0.0	42
Add.89	
Conv	p2o.pd_op.gelu.9.0
40	Conv	Add.89
4743		Conv	Conv	p2o.pd_op.depthwise_conv2d.9.0Add.99

4645		UnsqueezeSqueeze	p2o.pd_op.squeeze.0.0	
p2o.pd_op.unsqueeze.1.0
4343		Conv	ConvAdd.99
	Add.99
46	Unsqueeze	p2o.pd_op.unsqueeze.1.0
46	Unsqueeze	p2o.pd_op.unsqueeze.1.0
41	Conv	Add.91
48	Squeeze	p2o.pd_op.squeeze.1.041
	Conv46		Add.91Unsqueeze
	44p2o.pd_op.unsqueeze.1.0	
47AveragePool		p2o.pd_op.pool2d.0.0Conv
	p2o.pd_op.depthwise_conv2d.9.0
43	Conv	Add.99
44	AveragePool	p2o.pd_op.pool2d.0.0
44	AveragePool	p2o.pd_op.pool2d.0.0
47	Conv	p2o.pd_op.depthwise_conv2d.9.0
47	Conv	p2o.pd_op.depthwise_conv2d.9.0
49	47BatchNormalization		Convp2o.pd_op.batch_norm_.2.0	
p2o.pd_op.depthwise_conv2d.9.0
45	Squeeze	p2o.pd_op.squeeze.0.0
48	Squeeze	p2o.pd_op.squeeze.1.0
44	AveragePool	p2o.pd_op.pool2d.0.0
42	Conv	p2o.pd_op.gelu.9.0
45	Squeeze	p2o.pd_op.squeeze.0.0
42	Conv	p2o.pd_op.gelu.9.0
48	45Squeeze		Squeezep2o.pd_op.squeeze.1.0	
p2o.pd_op.squeeze.0.0
48	Squeeze	p2o.pd_op.squeeze.1.0
50	HardSigmoid	HardSigmoid.448
	46	SqueezeUnsqueeze		p2o.pd_op.unsqueeze.1.0p2o.pd_op.squeeze.1.0

49	BatchNormalization	p2o.pd_op.batch_norm_.2.0
45	Squeeze	p2o.pd_op.squeeze.0.0
46	Unsqueeze	p2o.pd_op.unsqueeze.1.0
4946		BatchNormalization	p2o.pd_op.batch_norm_.2.0Unsqueeze
	43	p2o.pd_op.unsqueeze.1.0Conv
	Add.99
49	BatchNormalization	p2o.pd_op.batch_norm_.2.0
43	Conv	Add.99
51	Mul	p2o.pd_op.hardswish.0.0
47	Conv	p2o.pd_op.depthwise_conv2d.9.0
49	BatchNormalization	p2o.pd_op.batch_norm_.2.0
50	HardSigmoid	HardSigmoid.4
46	Unsqueeze	p2o.pd_op.unsqueeze.1.0
47	Conv	p2o.pd_op.depthwise_conv2d.9.0
50	HardSigmoid	HardSigmoid.4
47	Conv	p2o.pd_op.depthwise_conv2d.9.0
44	AveragePool	p2o.pd_op.pool2d.0.0
50	HardSigmoid	HardSigmoid.4
44	AveragePool	p2o.pd_op.pool2d.0.0
48	52Squeeze		Unsqueezep2o.pd_op.squeeze.1.0	
p2o.pd_op.unsqueeze.3.0
51	Mul	p2o.pd_op.hardswish.0.0
50	HardSigmoid	HardSigmoid.4
47	Conv	p2o.pd_op.depthwise_conv2d.9.0
48	Squeeze	p2o.pd_op.squeeze.1.0
51	Mul	p2o.pd_op.hardswish.0.0
48	Squeeze	p2o.pd_op.squeeze.1.0
45	Squeeze	p2o.pd_op.squeeze.0.0
51	Mul	p2o.pd_op.hardswish.0.0
45	Squeeze	p2o.pd_op.squeeze.0.0
49	52BatchNormalization		Unsqueezep2o.pd_op.batch_norm_.2.0	
p2o.pd_op.unsqueeze.3.053
	Conv	p2o.pd_op.conv2d.26.0
5148		MulSqueeze		p2o.pd_op.hardswish.0.0p2o.pd_op.squeeze.1.0

49	BatchNormalization	p2o.pd_op.batch_norm_.2.0
49	BatchNormalization	p2o.pd_op.batch_norm_.2.0
52	Unsqueeze	p2o.pd_op.unsqueeze.3.0
46	Unsqueeze	p2o.pd_op.unsqueeze.1.0
52	Unsqueeze	p2o.pd_op.unsqueeze.3.0
46	Unsqueeze	p2o.pd_op.unsqueeze.1.0
50	HardSigmoid	HardSigmoid.4
53	Conv	p2o.pd_op.conv2d.26.0
54	Squeeze	p2o.pd_op.squeeze.2.0
52	Unsqueeze	p2o.pd_op.unsqueeze.3.0
49	BatchNormalization	p2o.pd_op.batch_norm_.2.0
50	HardSigmoid	50HardSigmoid.4	HardSigmoid
	HardSigmoid.453
	Conv	p2o.pd_op.conv2d.26.0
47	Conv	p2o.pd_op.depthwise_conv2d.9.0
53	Conv	p2o.pd_op.conv2d.26.0
47	Conv	p2o.pd_op.depthwise_conv2d.9.0
5154		MulSqueeze		p2o.pd_op.hardswish.0.0p2o.pd_op.squeeze.2.0

55	BatchNormalization	p2o.pd_op.batch_norm_.3.0
53	Conv	p2o.pd_op.conv2d.26.0
50	HardSigmoid	HardSigmoid.4
54	Squeeze	51p2o.pd_op.squeeze.2.0
	Mul	p2o.pd_op.hardswish.0.0
51	Mul	p2o.pd_op.hardswish.0.0
48	Squeeze	p2o.pd_op.squeeze.1.0
54	Squeeze	p2o.pd_op.squeeze.2.0
48	Squeeze	p2o.pd_op.squeeze.1.0
52	Unsqueeze	p2o.pd_op.unsqueeze.3.0
55	BatchNormalization	p2o.pd_op.batch_norm_.3.0
56	HardSigmoid	HardSigmoid.6
54	Squeeze	p2o.pd_op.squeeze.2.0
51	Mul	p2o.pd_op.hardswish.0.0
52	Unsqueeze	55p2o.pd_op.unsqueeze.3.0
	52BatchNormalization		p2o.pd_op.batch_norm_.3.0Unsqueeze
	p2o.pd_op.unsqueeze.3.0
55	49BatchNormalization		49BatchNormalizationp2o.pd_op.batch_norm_.3.0		
BatchNormalizationp2o.pd_op.batch_norm_.2.0	
p2o.pd_op.batch_norm_.2.0
5653		HardSigmoidConv		HardSigmoid.6p2o.pd_op.conv2d.26.0

57	Mul	p2o.pd_op.hardswish.1.0
55	BatchNormalization	p2o.pd_op.batch_norm_.3.0
52	Unsqueeze	p2o.pd_op.unsqueeze.3.0
56	HardSigmoid	HardSigmoid.6
53	Conv	p2o.pd_op.conv2d.26.0
53	Conv	56p2o.pd_op.conv2d.26.0	
HardSigmoid	HardSigmoid.6
50	HardSigmoid	HardSigmoid.4
50	HardSigmoid	HardSigmoid.4
57	Mul54		58Squeezep2o.pd_op.hardswish.1.0		
p2o.pd_op.squeeze.2.0Transpose
	p2o.pd_op.transpose.2.0
56	HardSigmoid	HardSigmoid.6
53	Conv	p2o.pd_op.conv2d.26.0
57	Mul	p2o.pd_op.hardswish.1.0
54	Squeeze	p2o.pd_op.squeeze.2.0
54	Squeeze	p2o.pd_op.squeeze.2.0
57	Mul	p2o.pd_op.hardswish.1.0
51	Mul	p2o.pd_op.hardswish.0.0
51	Mul	p2o.pd_op.hardswish.0.0
5855	Transpose	p2o.pd_op.transpose.2.0
	59BatchNormalization	MatMul		p2o.pd_op.batch_norm_.3.0p2o.pd_op.matmul.0.0

57	Mul	p2o.pd_op.hardswish.1.0
54	Squeeze	p2o.pd_op.squeeze.2.0
58	Transpose	p2o.pd_op.transpose.2.0
55	BatchNormalization	p2o.pd_op.batch_norm_.3.0
5855		Transpose	BatchNormalizationp2o.pd_op.transpose.2.0	
p2o.pd_op.batch_norm_.3.0
52	Unsqueeze	p2o.pd_op.unsqueeze.3.0
52	Unsqueeze	p2o.pd_op.unsqueeze.3.0
59	MatMul	p2o.pd_op.matmul.0.0
5660	HardSigmoid		HardSigmoid.6
Add	Add.105
58	Transpose	p2o.pd_op.transpose.2.0
55	BatchNormalization	p2o.pd_op.batch_norm_.3.0
5959	MatMul	p2o.pd_op.matmul.0.0
	56MatMul	HardSigmoid		p2o.pd_op.matmul.0.0HardSigmoid.6

56	HardSigmoid	HardSigmoid.6
53	Conv	p2o.pd_op.conv2d.26.0
53	Conv605957		Add61	p2o.pd_op.conv2d.26.0	56		Mul60MatMul	
HardSigmoid	MatMul		Add.10560
p2o.pd_op.matmul.0.0		p2o.pd_op.hardswish.1.0Add	57		
HardSigmoid.6
Addp2o.pd_op.matmul.1.0	
Mul
Add.10557
	Add.105	p2o.pd_op.hardswish.1.0
Mul	
p2o.pd_op.hardswish.1.0
54	Squeeze	p2o.pd_op.squeeze.2.0
54	Squeeze	p2o.pd_op.squeeze.2.0
60	Add	Add.105
58	Transpose	p2o.pd_op.transpose.2.0
57	Mul	p2o.pd_op.hardswish.1.0
61	MatMul	p2o.pd_op.matmul.1.0
58	Transpose	58p2o.pd_op.transpose.2.0	62Transpose
		p2o.pd_op.transpose.2.0Add
	Add.107
55	BatchNormalization	p2o.pd_op.batch_norm_.3.0
61	MatMul	p2o.pd_op.matmul.1.0
61	MatMul	p2o.pd_op.matmul.1.0
55	BatchNormalization	p2o.pd_op.batch_norm_.3.0
59	MatMul	p2o.pd_op.matmul.0.0
58	Transpose	p2o.pd_op.transpose.2.0
6159		59MatMulMatMul			MatMulp2o.pd_op.matmul.1.0p2o.pd_op.matmul.0.0
	
p2o.pd_op.matmul.0.0
6256		HardSigmoidAdd		Add.107HardSigmoid.6

63	Softmax	fetch_name_0
62	Add	Add.107
56	HardSigmoid	HardSigmoid.6
6260		AddAdd		Add.107Add.105

59	MatMul	p2o.pd_op.matmul.0.0
60	Add	Add.105
60	Add	Add.105
57	Mul	p2o.pd_op.hardswish.1.0
57	Mul	p2o.pd_op.hardswish.1.0
63	Softmax	fetch_name_0
62	Add	Add.107
63	Softmax	fetch_name_0
60	Add	Add.105
63	Softmax	fetch_name_0
58	Transpose	p2o.pd_op.transpose.2.0
58	Transpose	p2o.pd_op.transpose.2.0
61	MatMul	p2o.pd_op.matmul.1.0
6159		MatMulMatMul		63p2o.pd_op.matmul.1.0p2o.pd_op.matmul.0.0

	Softmax	fetch_name_0
59	MatMul	p2o.pd_op.matmul.0.0
6160		MatMul	Addp2o.pd_op.matmul.1.0
	Add.10561
	60	AddMatMul	Add.105	
p2o.pd_op.matmul.1.0
62	Add	Add.107
62	Add	Add.107
62	Add	Add.107
63	62Softmax		Addfetch_name_0	
Add.107
63	Softmax	fetch_name_063
	Softmax	fetch_name_0
63	Softmax	fetch_name_0
61	61MatMul		MatMulp2o.pd_op.matmul.1.0	
p2o.pd_op.matmul.1.0
6262		AddAdd		Add.107Add.107

63	Softmax	fetch_name_0
63	Softmax	fetch_name_0
